,Train R2,Test R2,MSE
Linear_regression,0.11609601660857172,0.10258169913636295,308.3762926895099
Ridge,0.11609600551612453,0.1025861886663455,308.3747499701219
Lasso,0.11609600551612453,0.07484718716461991,317.9065930780447
